{"cameraMode":{"drawMode":0,"name":"Shaded","section":"Shading Mode"},"sceneLighting":false,"audioPlay":false,"sceneViewState":{"m_AlwaysRefresh":false,"showFog":false,"showSkybox":false,"showFlares":false,"showImageEffects":false,"showParticleSystems":false,"showVisualEffectGraphs":true,"m_FxEnabled":true},"in2DMode":false,"pivot":{"x":-0.01060950756072998,"y":0.9815895557403565,"z":-0.005557715892791748},"rotation":{"x":-0.0031852859538048507,"y":0.9840600490570068,"z":0.01771491952240467,"w":0.17693330347537995},"size":1.4387391805648804,"orthographic":false}