{"cameraMode":{"drawMode":0,"name":"Shaded","section":"Shading Mode"},"sceneLighting":true,"audioPlay":false,"sceneViewState":{"showFog":true,"showMaterialUpdate":false,"showSkybox":true,"showFlares":true,"showImageEffects":true,"showParticleSystems":true},"in2DMode":false,"pivot":{"x":-0.31017303466796877,"y":4.423828125,"z":-3.10595703125},"rotation":{"x":0.5830578804016113,"y":-0.00560405058786273,"z":0.004022408276796341,"w":0.8124074935913086},"size":12.207152366638184,"orthographic":true}